--
-- PostgreSQL database dump
--

\restrict wa0gLiUFWykP0YdWSHNhEPNTjCSCCOvfL2eaJpA22Lmgc7IcxTstjHiHxiezy7s

-- Dumped from database version 14.19
-- Dumped by pg_dump version 14.19

-- Started on 2025-12-30 00:55:17

SET statement_timeout = 0;
SET lock_timeout = 0;
SET idle_in_transaction_session_timeout = 0;
SET client_encoding = 'UTF8';
SET standard_conforming_strings = on;
SELECT pg_catalog.set_config('search_path', '', false);
SET check_function_bodies = false;
SET xmloption = content;
SET client_min_messages = warning;
SET row_security = off;

--
-- TOC entry 3346 (class 1262 OID 16532)
-- Name: avengers; Type: DATABASE; Schema: -; Owner: postgres
--

CREATE DATABASE avengers WITH ENCODING = 'UTF8';


ALTER DATABASE avengers OWNER TO postgres;

\unrestrict wa0gLiUFWykP0YdWSHNhEPNTjCSCCOvfL2eaJpA22Lmgc7IcxTstjHiHxiezy7s
\connect avengers
\restrict wa0gLiUFWykP0YdWSHNhEPNTjCSCCOvfL2eaJpA22Lmgc7IcxTstjHiHxiezy7s

SET statement_timeout = 0;
SET lock_timeout = 0;
SET idle_in_transaction_session_timeout = 0;
SET client_encoding = 'UTF8';
SET standard_conforming_strings = on;
SELECT pg_catalog.set_config('search_path', '', false);
SET check_function_bodies = false;
SET xmloption = content;
SET client_min_messages = warning;
SET row_security = off;

SET default_tablespace = '';

SET default_table_access_method = heap;

--
-- TOC entry 211 (class 1259 OID 16543)
-- Name: avengers; Type: TABLE; Schema: public; Owner: postgres
--

CREATE TABLE public.avengers (
    id bigint NOT NULL,
    descricao character varying(255),
    historia character varying(2000),
    idade integer,
    apelido character varying(255),
    nome_real character varying(255),
    status character varying(255),
    habilidade_id bigint,
    magia_id bigint,
    CONSTRAINT avengers_status_check CHECK (((status)::text = ANY ((ARRAY['ATIVO'::character varying, 'APOSENTADO'::character varying, 'DESAPARECIDO'::character varying, 'CAPTURADO'::character varying, 'PRESO'::character varying, 'MORTO'::character varying])::text[])))
);


ALTER TABLE public.avengers OWNER TO postgres;

--
-- TOC entry 210 (class 1259 OID 16542)
-- Name: avengers_id_seq; Type: SEQUENCE; Schema: public; Owner: postgres
--

ALTER TABLE public.avengers ALTER COLUMN id ADD GENERATED BY DEFAULT AS IDENTITY (
    SEQUENCE NAME public.avengers_id_seq
    START WITH 1
    INCREMENT BY 1
    NO MINVALUE
    NO MAXVALUE
    CACHE 1
);


--
-- TOC entry 209 (class 1259 OID 16533)
-- Name: flyway_schema_history; Type: TABLE; Schema: public; Owner: postgres
--

CREATE TABLE public.flyway_schema_history (
    installed_rank integer NOT NULL,
    version character varying(50),
    description character varying(200) NOT NULL,
    type character varying(20) NOT NULL,
    script character varying(1000) NOT NULL,
    checksum integer,
    installed_by character varying(100) NOT NULL,
    installed_on timestamp without time zone DEFAULT now() NOT NULL,
    execution_time integer NOT NULL,
    success boolean NOT NULL
);


ALTER TABLE public.flyway_schema_history OWNER TO postgres;

--
-- TOC entry 213 (class 1259 OID 16552)
-- Name: habilidades; Type: TABLE; Schema: public; Owner: postgres
--

CREATE TABLE public.habilidades (
    id bigint NOT NULL,
    agilidade integer,
    armadura integer,
    armamento integer,
    fator_de_cura integer,
    forca integer,
    inteligencia integer,
    magia integer,
    resistencia integer,
    velocidade integer
);


ALTER TABLE public.habilidades OWNER TO postgres;

--
-- TOC entry 212 (class 1259 OID 16551)
-- Name: habilidades_id_seq; Type: SEQUENCE; Schema: public; Owner: postgres
--

ALTER TABLE public.habilidades ALTER COLUMN id ADD GENERATED BY DEFAULT AS IDENTITY (
    SEQUENCE NAME public.habilidades_id_seq
    START WITH 1
    INCREMENT BY 1
    NO MINVALUE
    NO MAXVALUE
    CACHE 1
);


--
-- TOC entry 215 (class 1259 OID 16558)
-- Name: magias; Type: TABLE; Schema: public; Owner: postgres
--

CREATE TABLE public.magias (
    id bigint NOT NULL,
    forca_ataque integer,
    forca_defesa integer
);


ALTER TABLE public.magias OWNER TO postgres;

--
-- TOC entry 214 (class 1259 OID 16557)
-- Name: magias_id_seq; Type: SEQUENCE; Schema: public; Owner: postgres
--

ALTER TABLE public.magias ALTER COLUMN id ADD GENERATED BY DEFAULT AS IDENTITY (
    SEQUENCE NAME public.magias_id_seq
    START WITH 1
    INCREMENT BY 1
    NO MINVALUE
    NO MAXVALUE
    CACHE 1
);


--
-- TOC entry 3336 (class 0 OID 16543)
-- Dependencies: 211
-- Data for Name: avengers; Type: TABLE DATA; Schema: public; Owner: postgres
--

INSERT INTO public.avengers VALUES (1, 'Gênio, bilionário, playboy e filantropo com uma armadura tecnológica de ponta.', 'Após ser sequestrado, Tony Stark constrói uma armadura para escapar, decidindo usar sua tecnologia para proteger o mundo como um Vingador.', 48, 'Homem de Ferro', 'Tony Stark', 'MORTO', 1, NULL);
INSERT INTO public.avengers VALUES (2, 'O primeiro vingador, possuidor de força sobre-humana e um escudo de Vibranium inquebrável.', 'Um soldado franzino da Segunda Guerra que foi transformado pelo soro do super-soldado e congelado no gelo por décadas antes de despertar nos dias atuais.', 105, 'Capitão América', 'Steve Rogers', 'APOSENTADO', 2, NULL);
INSERT INTO public.avengers VALUES (3, 'Deus do Trovão e herdeiro do trono de Asgard, mestre do martelo Mjolnir.', 'Banido para a Terra por seu pai para aprender humildade, Thor tornou-se um dos protetores mais poderosos do universo e da humanidade.', 1500, 'Thor', 'Thor Odinson', 'ATIVO', 4, 1);
INSERT INTO public.avengers VALUES (4, 'Cientista brilhante que se transforma em um monstro verde de força ilimitada quando enfurecido.', 'Após ser exposto a uma explosão de radiação gama em um experimento, Banner passou a viver em uma luta constante contra seu alter ego destrutivo.', 49, 'Hulk', 'Bruce Banner', 'ATIVO', 5, NULL);
INSERT INTO public.avengers VALUES (6, 'O melhor arqueiro do mundo, com precisão infalível e flechas especiais.', 'Um agente altamente treinado da S.H.I.E.L.D. que utiliza suas habilidades excepcionais de combate e estratégia para lutar ao lado de seres superpoderosos.', 41, 'Gavião Arqueiro', 'Clint Barton', 'ATIVO', 6, NULL);
INSERT INTO public.avengers VALUES (5, 'Espia russa de elite, mestre em artes marciais e infiltração.', 'Treinada desde a infância no Quarto Vermelho, Natasha desertou da KGB para se juntar à S.H.I.E.L.D. e buscar redenção por seu passado.', 35, 'Viúva Negra', 'Natasha Romanoff', 'MORTO', 7, NULL);
INSERT INTO public.avengers VALUES (7, 'Jovem herói com habilidades aracnídeas, agilidade sobre-humana e sentido de perigo.', 'Picado por uma aranha geneticamente modificada, o jovem do Queens aprendeu que com grandes poderes vêm grandes responsabilidades.', 21, 'Homem-Aranha', 'Peter Parker', 'ATIVO', 8, NULL);
INSERT INTO public.avengers VALUES (8, 'O estrategista mestre e ex-diretor da S.H.I.E.L.D. que reuniu os Vingadores.', 'Um veterano de espionagem que dedicou sua vida a proteger a Terra de ameaças internas e extraterrestres, operando nas sombras.', 74, 'Nick Fury', 'Nicholas Joseph Fury', 'APOSENTADO', 9, NULL);
INSERT INTO public.avengers VALUES (9, 'Ex-paraquedista militar que utiliza asas mecânicas de alta tecnologia para voo e combate.', 'Aliado fiel do Capitão América, Sam provou seu valor no campo de batalha e eventualmente assumiu o manto do escudo para carregar o legado de Steve Rogers.', 44, 'Falcão', 'Sam Wilson', 'ATIVO', 10, NULL);
INSERT INTO public.avengers VALUES (10, 'Rei de Wakanda, possui sentidos aguçados e força aprimorada pela Erva Coração.', 'Após a morte de seu pai, T''Challa assumiu o trono e o manto do Pantera Negra, usando a tecnologia avançada de Vibranium para proteger seu povo e o mundo.', 40, 'Pantera Negra', 'T''Challa', 'ATIVO', 11, NULL);
INSERT INTO public.avengers VALUES (11, 'Oficial da Força Aérea que opera uma armadura de combate pesadamente armada.', 'Melhor amigo de Tony Stark, o Coronel Rhodes adaptou uma das armaduras do Homem de Ferro para servir como um tanque voador a serviço das forças armadas.', 54, 'Máquina de Combate', 'James Rhodes', 'ATIVO', 12, NULL);
INSERT INTO public.avengers VALUES (12, 'Especialista em invasões que utiliza partículas Pym para alterar seu tamanho físico.', 'Um ex-presidiário que buscava redenção e foi escolhido por Hank Pym para herdar o traje que permite encolher a níveis subatômicos ou crescer gigantescamente.', 45, 'Homem-Formiga', 'Scott Lang', 'ATIVO', 13, NULL);
INSERT INTO public.avengers VALUES (13, 'Heroína com capacidade de voo, encolhimento e disparos de energia bioelétrica.', 'Filha de Hank Pym e Janet van Dyne, Hope aperfeiçoou o treinamento de combate e tecnologia para se tornar uma parceira essencial e líder estratégica.', 42, 'Vespa', 'Hope van Dyne', 'ATIVO', 14, NULL);
INSERT INTO public.avengers VALUES (14, 'Uma das heroínas mais poderosas do universo, capaz de voar e manipular energia cósmica.', 'Ex-piloto da Força Aérea que ganhou poderes após a explosão de um motor movido pelo Tesseract.', 63, 'Capitã Marvel', 'Carol Danvers', 'ATIVO', 15, 2);
INSERT INTO public.avengers VALUES (15, 'Feiticeiro Supremo, mestre das artes místicas e guardião da realidade.', 'Um neurocirurgião brilhante e arrogante que, após um acidente que destruiu suas mãos, encontrou redenção e propósito ao estudar magia em Kamar-Taj.', 45, 'Doutor Estranho', 'Stephen Strange', 'ATIVO', 16, 3);


--
-- TOC entry 3334 (class 0 OID 16533)
-- Dependencies: 209
-- Data for Name: flyway_schema_history; Type: TABLE DATA; Schema: public; Owner: postgres
--



--
-- TOC entry 3338 (class 0 OID 16552)
-- Dependencies: 213
-- Data for Name: habilidades; Type: TABLE DATA; Schema: public; Owner: postgres
--

INSERT INTO public.habilidades VALUES (1, 65, 70, 80, 0, 10, 99, 0, 10, 75);
INSERT INTO public.habilidades VALUES (2, 75, 70, 40, 10, 50, 60, 0, 50, 60);
INSERT INTO public.habilidades VALUES (4, 60, 10, 90, 99, 99, 60, 40, 99, 70);
INSERT INTO public.habilidades VALUES (5, 25, 0, 0, 99, 99, 20, 0, 99, 30);
INSERT INTO public.habilidades VALUES (6, 80, 0, 40, 10, 5, 60, 0, 5, 55);
INSERT INTO public.habilidades VALUES (7, 90, 0, 10, 10, 5, 70, 0, 5, 60);
INSERT INTO public.habilidades VALUES (8, 95, 0, 0, 20, 60, 70, 0, 40, 85);
INSERT INTO public.habilidades VALUES (9, 20, 0, 10, 5, 3, 90, 0, 3, 20);
INSERT INTO public.habilidades VALUES (10, 70, 40, 30, 10, 15, 60, 0, 15, 80);
INSERT INTO public.habilidades VALUES (11, 85, 80, 50, 30, 60, 70, 0, 60, 70);
INSERT INTO public.habilidades VALUES (12, 50, 80, 85, 5, 15, 60, 0, 15, 65);
INSERT INTO public.habilidades VALUES (13, 80, 20, 40, 10, 30, 60, 0, 20, 75);
INSERT INTO public.habilidades VALUES (14, 85, 20, 50, 10, 25, 65, 0, 20, 80);
INSERT INTO public.habilidades VALUES (15, 80, 70, 90, 90, 95, 70, 60, 95, 90);
INSERT INTO public.habilidades VALUES (16, 50, 20, 10, 20, 10, 95, 95, 25, 45);


--
-- TOC entry 3340 (class 0 OID 16558)
-- Dependencies: 215
-- Data for Name: magias; Type: TABLE DATA; Schema: public; Owner: postgres
--

INSERT INTO public.magias VALUES (1, 80, 60);
INSERT INTO public.magias VALUES (2, 85, 75);
INSERT INTO public.magias VALUES (3, 90, 95);


--
-- TOC entry 3347 (class 0 OID 0)
-- Dependencies: 210
-- Name: avengers_id_seq; Type: SEQUENCE SET; Schema: public; Owner: postgres
--

SELECT pg_catalog.setval('public.avengers_id_seq', 15, true);


--
-- TOC entry 3348 (class 0 OID 0)
-- Dependencies: 212
-- Name: habilidades_id_seq; Type: SEQUENCE SET; Schema: public; Owner: postgres
--

SELECT pg_catalog.setval('public.habilidades_id_seq', 16, true);


--
-- TOC entry 3349 (class 0 OID 0)
-- Dependencies: 214
-- Name: magias_id_seq; Type: SEQUENCE SET; Schema: public; Owner: postgres
--

SELECT pg_catalog.setval('public.magias_id_seq', 3, true);


--
-- TOC entry 3184 (class 2606 OID 16549)
-- Name: avengers avengers_pkey; Type: CONSTRAINT; Schema: public; Owner: postgres
--

ALTER TABLE ONLY public.avengers
    ADD CONSTRAINT avengers_pkey PRIMARY KEY (id);


--
-- TOC entry 3181 (class 2606 OID 16540)
-- Name: flyway_schema_history flyway_schema_history_pk; Type: CONSTRAINT; Schema: public; Owner: postgres
--

ALTER TABLE ONLY public.flyway_schema_history
    ADD CONSTRAINT flyway_schema_history_pk PRIMARY KEY (installed_rank);


--
-- TOC entry 3190 (class 2606 OID 16556)
-- Name: habilidades habilidades_pkey; Type: CONSTRAINT; Schema: public; Owner: postgres
--

ALTER TABLE ONLY public.habilidades
    ADD CONSTRAINT habilidades_pkey PRIMARY KEY (id);


--
-- TOC entry 3192 (class 2606 OID 16563)
-- Name: magias magias_pkey; Type: CONSTRAINT; Schema: public; Owner: postgres
--

ALTER TABLE ONLY public.magias
    ADD CONSTRAINT magias_pkey PRIMARY KEY (id);


--
-- TOC entry 3186 (class 2606 OID 16565)
-- Name: avengers ukjdmxss4t7ynod4pco3ft3llfo; Type: CONSTRAINT; Schema: public; Owner: postgres
--

ALTER TABLE ONLY public.avengers
    ADD CONSTRAINT ukjdmxss4t7ynod4pco3ft3llfo UNIQUE (habilidade_id);


--
-- TOC entry 3188 (class 2606 OID 16567)
-- Name: avengers ukmq6x6sc0uq7tnkn0aiskmyxti; Type: CONSTRAINT; Schema: public; Owner: postgres
--

ALTER TABLE ONLY public.avengers
    ADD CONSTRAINT ukmq6x6sc0uq7tnkn0aiskmyxti UNIQUE (magia_id);


--
-- TOC entry 3182 (class 1259 OID 16541)
-- Name: flyway_schema_history_s_idx; Type: INDEX; Schema: public; Owner: postgres
--

CREATE INDEX flyway_schema_history_s_idx ON public.flyway_schema_history USING btree (success);


--
-- TOC entry 3194 (class 2606 OID 16573)
-- Name: avengers fkbvyi7scpmm01e3iq0ypkjerd5; Type: FK CONSTRAINT; Schema: public; Owner: postgres
--

ALTER TABLE ONLY public.avengers
    ADD CONSTRAINT fkbvyi7scpmm01e3iq0ypkjerd5 FOREIGN KEY (magia_id) REFERENCES public.magias(id);


--
-- TOC entry 3193 (class 2606 OID 16568)
-- Name: avengers fke0ic7ywk4sgv2qwbg4374m6ec; Type: FK CONSTRAINT; Schema: public; Owner: postgres
--

ALTER TABLE ONLY public.avengers
    ADD CONSTRAINT fke0ic7ywk4sgv2qwbg4374m6ec FOREIGN KEY (habilidade_id) REFERENCES public.habilidades(id);


-- Completed on 2025-12-30 00:55:18

--
-- PostgreSQL database dump complete
--

\unrestrict wa0gLiUFWykP0YdWSHNhEPNTjCSCCOvfL2eaJpA22Lmgc7IcxTstjHiHxiezy7s

