--
-- PostgreSQL database dump
--

\restrict b991RLBQmfBfb6Xaj641BPfZfaG5OshStV56Spxeb3G7coGboQUKgpXBWVJuFBZ

-- Dumped from database version 14.19
-- Dumped by pg_dump version 14.19

-- Started on 2025-12-30 00:57:36

SET statement_timeout = 0;
SET lock_timeout = 0;
SET idle_in_transaction_session_timeout = 0;
SET client_encoding = 'UTF8';
SET standard_conforming_strings = on;
SELECT pg_catalog.set_config('search_path', '', false);
SET check_function_bodies = false;
SET xmloption = content;
SET client_min_messages = warning;
SET row_security = off;

--
-- TOC entry 3346 (class 1262 OID 16578)
-- Name: viloes; Type: DATABASE; Schema: -; Owner: postgres
--

CREATE DATABASE viloes WITH ENCODING = 'UTF8';


ALTER DATABASE viloes OWNER TO postgres;

\unrestrict b991RLBQmfBfb6Xaj641BPfZfaG5OshStV56Spxeb3G7coGboQUKgpXBWVJuFBZ
\connect viloes
\restrict b991RLBQmfBfb6Xaj641BPfZfaG5OshStV56Spxeb3G7coGboQUKgpXBWVJuFBZ

SET statement_timeout = 0;
SET lock_timeout = 0;
SET idle_in_transaction_session_timeout = 0;
SET client_encoding = 'UTF8';
SET standard_conforming_strings = on;
SELECT pg_catalog.set_config('search_path', '', false);
SET check_function_bodies = false;
SET xmloption = content;
SET client_min_messages = warning;
SET row_security = off;

SET default_tablespace = '';

SET default_table_access_method = heap;

--
-- TOC entry 209 (class 1259 OID 16579)
-- Name: flyway_schema_history; Type: TABLE; Schema: public; Owner: postgres
--

CREATE TABLE public.flyway_schema_history (
    installed_rank integer NOT NULL,
    version character varying(50),
    description character varying(200) NOT NULL,
    type character varying(20) NOT NULL,
    script character varying(1000) NOT NULL,
    checksum integer,
    installed_by character varying(100) NOT NULL,
    installed_on timestamp without time zone DEFAULT now() NOT NULL,
    execution_time integer NOT NULL,
    success boolean NOT NULL
);


ALTER TABLE public.flyway_schema_history OWNER TO postgres;

--
-- TOC entry 211 (class 1259 OID 16598)
-- Name: habilidades; Type: TABLE; Schema: public; Owner: postgres
--

CREATE TABLE public.habilidades (
    id bigint NOT NULL,
    agilidade integer,
    armadura integer,
    armamento integer,
    fator_de_cura integer,
    forca integer,
    inteligencia integer,
    magia integer,
    resistencia integer,
    velocidade integer
);


ALTER TABLE public.habilidades OWNER TO postgres;

--
-- TOC entry 210 (class 1259 OID 16597)
-- Name: habilidades_id_seq; Type: SEQUENCE; Schema: public; Owner: postgres
--

ALTER TABLE public.habilidades ALTER COLUMN id ADD GENERATED BY DEFAULT AS IDENTITY (
    SEQUENCE NAME public.habilidades_id_seq
    START WITH 1
    INCREMENT BY 1
    NO MINVALUE
    NO MAXVALUE
    CACHE 1
);


--
-- TOC entry 213 (class 1259 OID 16604)
-- Name: magias; Type: TABLE; Schema: public; Owner: postgres
--

CREATE TABLE public.magias (
    id bigint NOT NULL,
    forca_ataque integer,
    forca_defesa integer
);


ALTER TABLE public.magias OWNER TO postgres;

--
-- TOC entry 212 (class 1259 OID 16603)
-- Name: magias_id_seq; Type: SEQUENCE; Schema: public; Owner: postgres
--

ALTER TABLE public.magias ALTER COLUMN id ADD GENERATED BY DEFAULT AS IDENTITY (
    SEQUENCE NAME public.magias_id_seq
    START WITH 1
    INCREMENT BY 1
    NO MINVALUE
    NO MAXVALUE
    CACHE 1
);


--
-- TOC entry 215 (class 1259 OID 16625)
-- Name: viloes; Type: TABLE; Schema: public; Owner: postgres
--

CREATE TABLE public.viloes (
    id bigint NOT NULL,
    apelido character varying(255),
    descricao character varying(255),
    historia character varying(2000),
    idade integer,
    nome_real character varying(255),
    status character varying(255),
    habilidade_id bigint,
    magia_id bigint,
    CONSTRAINT viloes_status_check CHECK (((status)::text = ANY ((ARRAY['ATIVO'::character varying, 'APOSENTADO'::character varying, 'DESAPARECIDO'::character varying, 'CAPTURADO'::character varying, 'PRESO'::character varying, 'MORTO'::character varying])::text[])))
);


ALTER TABLE public.viloes OWNER TO postgres;

--
-- TOC entry 214 (class 1259 OID 16624)
-- Name: viloes_id_seq; Type: SEQUENCE; Schema: public; Owner: postgres
--

ALTER TABLE public.viloes ALTER COLUMN id ADD GENERATED BY DEFAULT AS IDENTITY (
    SEQUENCE NAME public.viloes_id_seq
    START WITH 1
    INCREMENT BY 1
    NO MINVALUE
    NO MAXVALUE
    CACHE 1
);


--
-- TOC entry 3334 (class 0 OID 16579)
-- Dependencies: 209
-- Data for Name: flyway_schema_history; Type: TABLE DATA; Schema: public; Owner: postgres
--



--
-- TOC entry 3336 (class 0 OID 16598)
-- Dependencies: 211
-- Data for Name: habilidades; Type: TABLE DATA; Schema: public; Owner: postgres
--

INSERT INTO public.habilidades VALUES (1, 70, 30, 60, 60, 40, 85, 80, 60, 65);
INSERT INTO public.habilidades VALUES (2, 80, 60, 95, 90, 95, 70, 60, 95, 75);
INSERT INTO public.habilidades VALUES (3, 40, 70, 90, 40, 85, 60, 20, 80, 35);
INSERT INTO public.habilidades VALUES (4, 55, 90, 95, 90, 99, 85, 40, 99, 50);
INSERT INTO public.habilidades VALUES (5, 40, 10, 10, 10, 10, 85, 90, 30, 40);
INSERT INTO public.habilidades VALUES (6, 20, 85, 80, 60, 95, 20, 0, 95, 20);
INSERT INTO public.habilidades VALUES (7, 80, 40, 85, 30, 65, 60, 0, 60, 70);
INSERT INTO public.habilidades VALUES (8, 85, 35, 90, 40, 60, 55, 0, 55, 80);
INSERT INTO public.habilidades VALUES (9, 40, 85, 80, 40, 40, 95, 85, 60, 35);
INSERT INTO public.habilidades VALUES (10, 50, 80, 90, 20, 30, 99, 20, 40, 60);
INSERT INTO public.habilidades VALUES (11, 75, 40, 60, 10, 30, 70, 0, 20, 75);
INSERT INTO public.habilidades VALUES (12, 80, 60, 70, 95, 90, 50, 0, 85, 75);


--
-- TOC entry 3338 (class 0 OID 16604)
-- Dependencies: 213
-- Data for Name: magias; Type: TABLE DATA; Schema: public; Owner: postgres
--

INSERT INTO public.magias VALUES (1, 70, 75);
INSERT INTO public.magias VALUES (2, 75, 65);
INSERT INTO public.magias VALUES (3, 40, 20);
INSERT INTO public.magias VALUES (4, 60, 60);
INSERT INTO public.magias VALUES (5, 85, 80);
INSERT INTO public.magias VALUES (6, 80, 85);
INSERT INTO public.magias VALUES (7, 30, 40);


--
-- TOC entry 3340 (class 0 OID 16625)
-- Dependencies: 215
-- Data for Name: viloes; Type: TABLE DATA; Schema: public; Owner: postgres
--

INSERT INTO public.viloes VALUES (1, 'Loki', 'Deus da Trapaça, mestre das ilusões e da manipulação.', 'Filho adotivo de Odin, Loki cresceu à sombra de Thor e desenvolveu inveja, ambição e talento para enganos mágicos.', 1000, 'Loki Laufeyson', 'ATIVO', 1, 1);
INSERT INTO public.viloes VALUES (2, 'Hela', 'Deusa da Morte, portadora de poder absoluto em Asgard.', 'Primogênita de Odin, Hela foi banida por sua sede de conquista e retornou para reivindicar o trono de Asgard.', 3000, 'Hela', 'MORTO', 2, 2);
INSERT INTO public.viloes VALUES (3, 'Ronan', 'Guerreiro Kree fanático, portador do Martelo Universal.', 'Um radical que traiu o Império Kree e tentou destruir Xandar usando o poder da Joia do Poder.', 50, 'Ronan', 'MORTO', 3, 3);
INSERT INTO public.viloes VALUES (4, 'Thanos', 'Titã Louco, obcecado por equilíbrio universal.', 'Convencido de que o universo precisava ser salvo da superpopulação, Thanos buscou as Joias do Infinito para impor sua visão.', 1000, 'Thanos', 'MORTO', 4, 4);
INSERT INTO public.viloes VALUES (5, 'Ebony Maw', 'Telecinético e sacerdote fanático de Thanos. Membro da Ordem Negra', 'Devoto absoluto do Titã Louco, usava magia e telecinese como extensão da vontade de Thanos.', 40, 'Ebony Maw', 'MORTO', 5, 5);
INSERT INTO public.viloes VALUES (6, 'Cull Obsidian', 'Gigante brutal da Ordem Negra.', 'Usava força descomunal para esmagar qualquer oposição ao plano de Thanos.', 35, 'Cull Obsidian', 'MORTO', 6, NULL);
INSERT INTO public.viloes VALUES (7, 'Proxima Midnight', 'Guerreira implacável e estrategista da Ordem Negra.', 'Especialista em combate corpo a corpo, extremamente leal a Thanos.', 30, 'Proxima Midnight', 'MORTO', 7, NULL);
INSERT INTO public.viloes VALUES (8, 'Corvus Glaive', 'Assassino silencioso armado com uma lâmina quase indestrutível. Membro da Ordem Negra', 'Especialista em ataques furtivos e combate letal.', 30, 'Corvus Glaive', 'MORTO', 8, NULL);
INSERT INTO public.viloes VALUES (9, 'Doutor Destino', 'Gênio científico e feiticeiro, governante absoluto de Latveria.', 'Obcecado por poder e controle, combina ciência avançada com magia negra.', 50, 'Victor Von Doom', 'ATIVO', 9, 6);
INSERT INTO public.viloes VALUES (10, 'Kang', 'Senhor do tempo, estrategista supremo e conquistador de realidades.', 'Um cientista do futuro que domina viagens temporais e múltiplas linhas do tempo.', 40, 'Nathaniel Richards', 'ATIVO', 10, 7);
INSERT INTO public.viloes VALUES (11, 'Jaqueta Amarela', 'Versão distorcida da tecnologia Pym.', 'Ex-discípulo de Hank Pym que enlouqueceu tentando replicar a tecnologia de encolhimento.', 45, 'Darren Cross', 'MORTO', 11, NULL);
INSERT INTO public.viloes VALUES (12, 'Venom', 'Simbionte alienígena com força e regeneração extremas.', 'A fusão entre um simbionte e um hospedeiro humano cria uma entidade violenta e instável.', 40, 'Eddie Brock', 'ATIVO', 12, NULL);


--
-- TOC entry 3347 (class 0 OID 0)
-- Dependencies: 210
-- Name: habilidades_id_seq; Type: SEQUENCE SET; Schema: public; Owner: postgres
--

SELECT pg_catalog.setval('public.habilidades_id_seq', 12, true);


--
-- TOC entry 3348 (class 0 OID 0)
-- Dependencies: 212
-- Name: magias_id_seq; Type: SEQUENCE SET; Schema: public; Owner: postgres
--

SELECT pg_catalog.setval('public.magias_id_seq', 7, true);


--
-- TOC entry 3349 (class 0 OID 0)
-- Dependencies: 214
-- Name: viloes_id_seq; Type: SEQUENCE SET; Schema: public; Owner: postgres
--

SELECT pg_catalog.setval('public.viloes_id_seq', 12, true);


--
-- TOC entry 3181 (class 2606 OID 16586)
-- Name: flyway_schema_history flyway_schema_history_pk; Type: CONSTRAINT; Schema: public; Owner: postgres
--

ALTER TABLE ONLY public.flyway_schema_history
    ADD CONSTRAINT flyway_schema_history_pk PRIMARY KEY (installed_rank);


--
-- TOC entry 3184 (class 2606 OID 16602)
-- Name: habilidades habilidades_pkey; Type: CONSTRAINT; Schema: public; Owner: postgres
--

ALTER TABLE ONLY public.habilidades
    ADD CONSTRAINT habilidades_pkey PRIMARY KEY (id);


--
-- TOC entry 3186 (class 2606 OID 16609)
-- Name: magias magias_pkey; Type: CONSTRAINT; Schema: public; Owner: postgres
--

ALTER TABLE ONLY public.magias
    ADD CONSTRAINT magias_pkey PRIMARY KEY (id);


--
-- TOC entry 3188 (class 2606 OID 16634)
-- Name: viloes ukccexk78odh0u2gvhe2m800bp1; Type: CONSTRAINT; Schema: public; Owner: postgres
--

ALTER TABLE ONLY public.viloes
    ADD CONSTRAINT ukccexk78odh0u2gvhe2m800bp1 UNIQUE (habilidade_id);


--
-- TOC entry 3190 (class 2606 OID 16636)
-- Name: viloes ukcryri55wkx59ygce55dpaf59y; Type: CONSTRAINT; Schema: public; Owner: postgres
--

ALTER TABLE ONLY public.viloes
    ADD CONSTRAINT ukcryri55wkx59ygce55dpaf59y UNIQUE (magia_id);


--
-- TOC entry 3192 (class 2606 OID 16632)
-- Name: viloes viloes_pkey; Type: CONSTRAINT; Schema: public; Owner: postgres
--

ALTER TABLE ONLY public.viloes
    ADD CONSTRAINT viloes_pkey PRIMARY KEY (id);


--
-- TOC entry 3182 (class 1259 OID 16587)
-- Name: flyway_schema_history_s_idx; Type: INDEX; Schema: public; Owner: postgres
--

CREATE INDEX flyway_schema_history_s_idx ON public.flyway_schema_history USING btree (success);


--
-- TOC entry 3193 (class 2606 OID 16637)
-- Name: viloes fk7b5rdris4asga5oeqfiko9isb; Type: FK CONSTRAINT; Schema: public; Owner: postgres
--

ALTER TABLE ONLY public.viloes
    ADD CONSTRAINT fk7b5rdris4asga5oeqfiko9isb FOREIGN KEY (habilidade_id) REFERENCES public.habilidades(id);


--
-- TOC entry 3194 (class 2606 OID 16642)
-- Name: viloes fkl6ta43ranls8odducn7l4vyfy; Type: FK CONSTRAINT; Schema: public; Owner: postgres
--

ALTER TABLE ONLY public.viloes
    ADD CONSTRAINT fkl6ta43ranls8odducn7l4vyfy FOREIGN KEY (magia_id) REFERENCES public.magias(id);


-- Completed on 2025-12-30 00:57:37

--
-- PostgreSQL database dump complete
--

\unrestrict b991RLBQmfBfb6Xaj641BPfZfaG5OshStV56Spxeb3G7coGboQUKgpXBWVJuFBZ

